TermID	Name	Value	LogSize	Frequency	Uniqueness	Dispensability	Representative
"GO:0003723"	"RNA binding"	-15.6547024908192	6.43945443714506	6.099813894661886	0.6866031660463722	0.3443017	null
"GO:0003735"	"structural constituent of ribosome"	-17.417117096372536	5.982211513442491	2.128498588986873	1	0	null
"GO:0003746"	"translation elongation factor activity"	-2.1906419285922536	5.138444807652802	0.305002890945944	0.7524976135556621	0.24405291	null
"GO:0019843"	"rRNA binding"	-3.187700808793338	5.701542945487235	1.1153325776412018	0.7248105052897127	-0	null
"GO:0097159"	"organic cyclic compound binding"	-3.2573011882519256	7.247752677084096	39.22969739688024	0.830878432193855	0.17508979	null
"GO:1901363"	"heterocyclic compound binding"	-4.845982324898668	6.956734421862043	20.072278748835316	0.8430027324413142	0.07292911	null
