TermID	Name	Value	LogSize	Frequency	Uniqueness	Dispensability	PC_0	PC_1	Representative
"GO:0000322"	"storage vacuole"	-3.996407586417781	4.805201710439948	0.1778201926099983	0.8428127851699823	0.12770953	-2.966747229135958	5.1110746607049204	null
"GO:0005737"	"cytoplasm"	-2.421761796101055	7.116137368897206	36.38509412593251	0.8619152465722402	0.10701902	-3.748567266781315	-4.296822822574382	null
"GO:0005852"	"eukaryotic translation initiation factor 3 complex"	-2.840897860731786	4.5545981742240045	0.09985555503264143	0.6456414810665522	0.23478132	4.903227171118142	-2.76240350772735	null
"GO:0022625"	"cytosolic large ribosomal subunit"	-12.113076227493746	5.3629195651410235	0.6422496099261846	0.34085524602774525	0	3.6723275469377645	1.2996018798019329	null
"GO:0022627"	"cytosolic small ribosomal subunit"	-2.3628115636350517	5.098875518374249	0.3496698818458546	0.3615708066454031	0.84980024	null	null	22625
"GO:0044391"	"ribosomal subunit"	-6.05324848933085	5.773268492313049	1.6521669390616007	0.3420516961913126	0.74995524	null	null	22625
"GO:0030687"	"preribosome, large subunit precursor"	-4.0721192326205085	4.562923026436936	0.10178817133005495	0.5094292084898253	0.50042336	5.400057329861363	2.1045520996152285	null
"GO:1990904"	"ribonucleoprotein complex"	-3.3638802864553807	6.19831198812342	4.396406893146647	0.592507283898729	0.34351463	5.850993909444077	-0.4258635492138028	null
