TermID	Name	Value	LogSize	Frequency	Uniqueness	Dispensability	PC_0	PC_1	Representative
"GO:0000322"	"storage vacuole"	-3.996407586417781	5.029793525850104	0.2661182824452727	0.8555104067946925	0.12655094	-2.690727665667668	5.284239888695675	null
"GO:0005737"	"cytoplasm"	-2.421761796101055	7.238956814544198	43.076660800468886	0.8888902750046057	0.08859538	-4.093750396256863	-4.001779466537567	null
"GO:0005852"	"eukaryotic translation initiation factor 3 complex"	-2.840897860731786	4.537264858754543	0.08561256229366826	0.6744908630409379	0.22333355	4.558178110438982	-3.1412608964333253	null
"GO:0022625"	"cytosolic large ribosomal subunit"	-12.113076227493746	5.610954914935405	1.014469728138433	0.33018935796424503	0	4.032988074057334	1.4186599483138564	null
"GO:0022627"	"cytosolic small ribosomal subunit"	-2.3628115636350517	5.314539224168974	0.5126516507707168	0.35523486736625104	0.83441369	null	null	22625
"GO:0044391"	"ribosomal subunit"	-6.05324848933085	5.901851569419728	1.9821488551869784	0.32421904182325845	0.83207123	null	null	22625
"GO:0030687"	"preribosome, large subunit precursor"	-4.0721192326205085	4.726580518201694	0.1323907395608457	0.4963716015302116	0.53614612	5.562433832633122	1.9912633800237978	null
"GO:1990904"	"ribonucleoprotein complex"	-3.3638802864553807	6.239780566048521	4.315842197772249	0.6093677891596602	0.33654169	5.823761795150908	-0.7235950523294029	null
