TermID	Name	Value	LogSize	Frequency	Uniqueness	Dispensability	PC_0	PC_1	Representative
"GO:0006541"	"glutamine metabolic process"	-2.0402633649328616	5.346857402008173	0.5478057552077248	0.9974942839782682	-0	3.854162706151903	-3.9422947532517965	null
"GO:0006837"	"serotonin transport"	-2.44481807453716	3.6799726942774185	0.011793781697174727	0.9493614506011157	-0	1.773214280301488	6.230487841059675	null
"GO:0030195"	"negative regulation of blood coagulation"	-2.2397585064712966	3.863679667875898	0.018004926917003426	0.8729603901086869	0.29316457	-6.1339930678536385	1.2911559632373202	null
"GO:0040003"	"chitin-based cuticle development"	-12.843241351085448	3.000434077479319	0.0024647401665986893	1	0	-2.803454792710503	-5.576224459003118	null
"GO:0051612"	"negative regulation of serotonin uptake"	-3.449089197711838	2.9036325160842376	0.0019717921332789512	0.6905380225534299	-0	-5.68978367843987	3.3133936453840347	null
"GO:0051580"	"regulation of neurotransmitter uptake"	-2.0057325859733868	3.085290578230065	0.002997124042584006	0.7448228357272217	0.72091838	null	null	51612
"GO:0098810"	"neurotransmitter reuptake"	-2.0057325859733868	3.784831178124469	0.015015197094919214	0.9469200419680528	0.15388914	4.489479684924348	3.0960222483390125	null
