TermID	Name	Value	LogSize	Frequency	Uniqueness	Dispensability	PC_0	PC_1	Representative
"GO:0004252"	"serine-type endopeptidase activity"	-2.1292777084679	5.599145892063829	0.881063286237177	0.9827718032827208	-0	-1.2295654849176711	-7.237812415423574	null
"GO:0004497"	"monooxygenase activity"	-2.1056655927710057	5.77603616095057	1.3240297369392198	0.9827718032827208	0.04325761	4.63765913381243	-4.017114048468258	null
"GO:0005041"	"low-density lipoprotein particle receptor activity"	-5.544598944436708	3.61066016308988	0.00904515494800577	1	-0	4.85816432593275	2.407759415157295	null
"GO:0008010"	"structural constituent of chitin-based larval cuticle"	-2.187858423030374	3.9053100621160857	0.017828645693053785	0.8403047172953938	0.4165932	-5.8462792962716374	0.24643312698347128	null
"GO:0017080"	"sodium channel regulator activity"	-6.6023331374047505	4.068890554257935	0.02598458584965227	1	0	-0.7745135521724329	6.02315913334419	null
"GO:0042302"	"structural constituent of cuticle"	-2.1460872669792286	4.394381627679536	0.05498274501980953	0.8403047172953938	-0	-5.894397171003978	-1.1270136120629572	null
